,Fluor,Efficiency %,Slope,Y-Intercept,R^2
,SYBR,70.0223579073091,-4.33828121237404,29.046568353447,0.9931394085184
