,Fluor,Efficiency %,Slope,Y-Intercept,R^2
,SYBR,100.206165196844,-3.31699770433728,39.669765510032,0.993429348384709
