,Fluor,Efficiency %,Slope,Y-Intercept,R^2
,SYBR,63.4322712058068,-4.68740150365085,53.727866949169,0.99527949486076
