,Fluor,Efficiency %,Slope,Y-Intercept,R^2
,SYBR,70.0223579073074,-4.33828121237412,44.2878942628041,0.993139408518425
