,Fluor,Efficiency %,Slope,Y-Intercept,R^2
,SYBR,85.2766549988725,-3.73384131639114,29.4954623495626,0.993954922508141
