,Fluor,Efficiency %,Slope,Y-Intercept,R^2
,SYBR,78.3712689960077,-3.97891331834421,38.8169858429099,0.99604339473258
